epoch,train_loss,eval_loss,eval_map
0,3.489658458343405,3.656875658035278,0.0014660078148536837
epoch,train_loss,eval_loss,eval_map
1,3.5003029431728336,4.582639612470355,0.0005068495079336027
